Nome,CNES,Estado,"Município",Data,Respiradores,"ocupacaoInformada: Descending","Leitos COVID","Leitos COVID UTI","Ocupação COVID","Ocupação COVID UTI"
"HOSPITAL SANTA ISABEL","2,558,246",SC,Blumenau,"2020-06-03 ",33,true,115,20,5,5
"HOSPITAL REGIONAL HANS DIETER SCHMIDT","2,436,450",SC,Joinville,"2020-06-03 ",36,true,103,19,5,8
"COMPLEXO HOSPITALAR SAO FRANCISCO","26,840",MG,"Belo Horizonte","2020-06-03 ",48,true,91,20,31,16
"HOSPITAL CAMILO SALGADO LTDA","2,328,534",PA,Ananindeua,"2020-06-03 ",3,true,91,10,0,3
"HOSPITAL E MATERNIDADE MUNICIPAL DR ODELMO LEAO CARNEIRO","6,601,804",MG,"Uberlândia","2020-06-03 ",84,true,90,56,1,3
"HOSP DAS CLINICAS DA UNIV FED DE MINAS GERAIS EBSERH","27,049",MG,"Belo Horizonte","2020-06-03 ",120,true,79,14,22,9
"HOSPITAL SAO LUCAS","2,481,073",CE,"Crateús","2020-06-03 ",2,true,46,10,31,9
"HOSPITAL SAO LUCAS","2,196,972",MG,"Patos de Minas","2020-06-03 ",22,true,31,20,0,0
"HOSPITAL SANTO ANTONIO","2,558,254",SC,Blumenau,"2020-06-03 ",50,true,72,18,2,2
"HOSPITAL SANTO ANTONIO","2,244,330",RS,"São Francisco de Assis","2020-06-03 ",3,true,0,0,0,0
"HOSPITAL SANTO ANTONIO","2,267,810",RJ,"Duas Barras","2020-06-03 ",1,true,0,0,0,0
"HOSPITAL SANTO ANTONIO","2,802,104",BA,Salvador,"2020-06-03 ",52,true,0,0,87,3
"HOSPITAL SANTA CATARINA ANEXO HMMDOLC","2,151,855",MG,"Uberlândia","2020-06-03 ",12,true,67,10,31,14
"HOSPITAL UNIVERSITARIO","3,157,245",SC,"Florianópolis","2020-06-03 ",48,true,63,20,5,1
"HOSPITAL DO SUBURBIO","6,595,197",BA,Salvador,"2020-06-03 ",78,true,60,59,97,80
"HOSPITAL GERAL ERNESTO SIMOES FILHO","4,073",BA,Salvador,"2020-06-03 ",65,true,60,39,43,36
"SANTA SANTA CASA DE MISERICORDIA","2,164,620",MG,"Araxá","2020-06-03 ",10,true,57,14,5,3
"HOSPITAL UNIVERSITARIO CLEMENTE DE FARIA","2,219,654",MG,"Montes Claros","2020-06-03 ",40,true,56,20,0,3
"HOSPITAL GETULIO VARGAS","2,726,971",PI,Teresina,"2020-06-03 ",20,true,55,20,8,16
"SANTA CASA DE MISERICORDIA DE SAO JOSE DO RIO PRETO","2,798,298",SP,"São José do Rio Preto","2020-06-03 ",24,true,54,36,24,7
"HOSPITAL NOSSA SENHORA DAS DORES","2,215,586",MG,Itabira,"2020-06-03 ",15,true,51,12,0,0
"HOSPITAL NOSSA SENHORA DAS DORES","2,144,573",MG,"São Domingos do Prata","2020-06-03 ",1,true,0,0,0,0
"HOSPITAL CESAR LEITE","2,173,166",MG,"Manhuaçu","2020-06-03 ",14,true,50,10,2,9
"HOSPITAL MUNICIPAL DE MARINGA THELMA VILLANOVA KASPROWICZ","2,743,477",PR,"Maringá","2020-06-03 ",11,true,50,25,0,0
"HOSPITAL PUBLICO REGIONAL PREFEITO OSVALDO REZENDE FRANCO","2,126,494",MG,Betim,"2020-06-03 ",73,true,50,50,0,37
"HOSPITAL REGIONAL DE JANAUBA","6,920,977",MG,"Janaúba","2020-06-03 ",16,true,46,5,2,1
"HOSP MUN M BOI MIRIM","5,718,368",SP,"São Paulo","2020-06-03 ",66,true,44,134,115,184
"HOSPITAL MACRORREGIONAL DRA RUTH NOLETO","9,065,768",MA,Imperatriz,"2020-06-03 ",10,true,44,30,62,25
"SANTA CASA DE MISERICORDIA DE BRAGANCA PAULISTA","2,688,433",SP,"Bragança Paulista","2020-06-03 ",29,true,43,4,12,4
"HOSPITAL HELIO ANJOS ORTIZ","2,302,101",SC,Curitibanos,"2020-06-03 ",17,true,42,7,1,2
"HOSPITAL AROLDO TOURINHO","2,219,638",MG,"Montes Claros","2020-06-03 ",34,true,40,16,1,0
"HOSPITAL DE CARIDADE SAO VICENTE DE PAULO","2,741,989",PR,Guarapuava,"2020-06-03 ",40,true,40,10,7,7
"HOSPITAL DE ENFRENTAMENTO AO CORONAVIRUS DE GOIANIA","86,126",GO,"Goiânia","2020-06-03 ",0,true,40,30,24,35
"HOSPITAL GERAL DE ITAQUAQUECETUBA","2,078,562",SP,Itaquaquecetuba,"2020-06-03 ",52,true,40,22,35,23
"HOSPITAL SAO VICENTE DE PAULO","2,379,333",SC,Mafra,"2020-06-03 ",12,true,40,16,4,2
"HOSPITAL SAO VICENTE DE PAULO","2,123,231",MG,"São Vicente de Minas","2020-06-03 ",2,true,0,0,0,0
"HOSPITAL SAO VICENTE DE PAULO","2,123,711",MG,"São Tiago","2020-06-03 ",1,true,0,0,0,0
"SANTA CASA DE MISERICORDIA DE JUIZ DE FORA","2,153,882",MG,"Juiz de Fora","2020-06-03 ",67,true,40,5,11,2
"HOSPITAL NEREU RAMOS","2,664,879",SC,"Florianópolis","2020-06-03 ",25,true,39,7,10,0
"SOCIEDADE MAE DA DIVINA PROVIDENCIAHOSP N SRA DOS PRAZERES","2,504,316",SC,Lages,"2020-06-03 ",18,true,39,8,0,0
"HOSPITAL DAS CLINICAS HCFAMEMA","2,025,507",SP,"Marília","2020-06-03 ",49,true,38,22,5,0
"HOSPITAL REGIONAL DO VALE DO PARAIBA","3,126,838",SP,"Taubaté","2020-06-03 ",59,true,38,10,2,3
"HOSPITAL REG IRMA ELZA GIOVANELLA","2,604,434",MT,"Rondonópolis","2020-06-03 ",24,true,36,2,9,7
"HOSPITAL BETHESDA","2,521,296",SC,Joinville,"2020-06-03 ",0,true,35,0,2,0
"HOSPITAL ESTADUAL SUMARE","2,083,981",SP,"Sumaré","2020-06-03 ",77,true,34,31,1,14
"HOSPITAL REGIONAL DE TEODORO SAMPAIO","2,028,239",SP,"Teodoro Sampaio","2020-06-03 ",1,true,34,0,0,0
IMTAVI,"2,480,646",CE,"Brejo Santo","2020-06-03 ",1,true,34,7,0,6
"HOSPITAL SANTA TERESINHA","2,665,883",SC,"Braço do Norte","2020-06-03 ",3,true,33,0,3,0
"FUNDACAO SERVICOS DE SAUDE DE NOVA ANDRADINA FUNSAU NA","2,371,243",MS,"Nova Andradina","2020-06-03 ",15,true,32,18,0,0
"HOSPITAL DE CARIDADE S B J DOS PASSOS","2,558,017",SC,Laguna,"2020-06-03 ",16,true,32,0,4,0
"HOSPITAL DE CLINICAS DE PASSO FUNDO","2,246,929",RS,"Passo Fundo","2020-06-03 ",40,true,32,17,16,9
"HOSPITAL REGIONAL DE COTIA","2,792,141",SP,Cotia,"2020-06-03 ",33,true,32,20,27,28
"SANTA CASA DE MISERICORDIA DE SAO JOSE DOS CAMPOS","2,748,029",SP,"São José dos Campos","2020-06-03 ",22,true,32,12,7,10
"HOSPITAL MUNICIPAL DE CARUARU DR MANOEL AFONSO PORTO NETO","5,093,619",PE,Caruaru,"2020-06-03 ",3,true,31,0,24,0
"HOSPITAL SAO JOAO BATISTA","2,760,843",MG,"Visconde do Rio Branco","2020-06-03 ",10,true,31,10,6,3
"HOSPITAL REGIONAL DR ALVARO FONTOURA SILVA","6,426,190",MS,Coxim,"2020-06-03 ",4,true,30,0,2,0
"SANTA CASA DE PINDAMONHANGABA","2,755,092",SP,Pindamonhangaba,"2020-06-03 ",21,true,30,10,2,6
"SANTA CASA DE SAO PAULO HOSPITAL CENTRAL SAO PAULO","2,688,689",SP,"São Paulo","2020-06-03 ",191,true,30,30,44,44
"METROPOLITANA DE SARANDI","2,825,589",PR,Sarandi,"2020-06-03 ",28,true,29,14,5,5
"SANTA CASA DE TAQUARITINGA","2,078,295",SP,Taquaritinga,"2020-06-03 ",6,true,29,0,2,2
"HOSPITAL DR MOISES MAGALHAES FREIRE","2,119,528",MG,Pirapora,"2020-06-03 ",9,true,28,5,3,2
"HOSPITAL MUNICIPAL JOSE VALDIR ANTUNES DE OLIVEIRA","2,659,603",MS,"São Gabriel do Oeste","2020-06-03 ",0,true,28,0,1,0
"SANTA CASA DE POCOS DE CALDAS","2,129,469",MG,"Poços de Caldas","2020-06-03 ",32,true,28,8,1,1
"UNIDADE DE GESTAO ASSISTENCIAL II HOSPITAL IPIRANGA SP","2,077,523",SP,"São Paulo","2020-06-03 ",65,true,27,12,49,14
"HOSPITAL DA VIDA","5,610,044",MS,Dourados,"2020-06-03 ",23,true,26,10,1,0
"HOSPITAL SAO CAMILO","2,385,880",SC,Imbituba,"2020-06-03 ",6,true,26,0,2,0
"HOSPITAL SAO CAMILO","2,686,945",PR,"Ponta Grossa","2020-06-03 ",1,true,0,0,0,0
"HOSPITAL DOMINGOS LEONARDO CERAVOLO PRESIDENTE PRUDENTE","2,755,130",SP,"Presidente Prudente","2020-06-03 ",64,true,25,21,14,14
"HOSPITAL E MATERNIDADE SANTA CLARA","2,733,307",PR,Colorado,"2020-06-03 ",2,true,25,10,2,4
"HOSPITAL MESTRE VITALINO","7,498,810",PE,Caruaru,"2020-06-03 ",47,true,25,30,20,34
"HOSPITAL UNIVERSITARIO DR MIGUEL RIET CORREA JR","2,707,675",RS,"Rio Grande","2020-06-03 ",33,true,25,2,0,0
HEFA,"2,139,049",MG,"Pedra Azul","2020-06-03 ",0,true,24,0,2,0
"HOSPITAL ESTADUAL MARIO COVAS DE SANTO ANDRE","2,080,273",SP,"Santo André","2020-06-03 ",99,true,24,27,26,41
"HOSPITAL POMPEIA","2,223,546",RS,"Caxias do Sul","2020-06-03 ",57,true,22,6,0,0
"SOCIEDADE DE PROT MAT INFANCIA DE CAMAPUA","2,536,587",MS,"Camapuã","2020-06-03 ",0,true,22,0,0,0
"HOSPITAL DE PEQUENO PORTE DE UMARI ECILDA BARBOSA RIBEIRO","2,499,045",CE,Umari,"2020-06-03 ",0,true,21,0,0,0
"HOSPITAL GERAL DE PALMAS DR FRANCISCO AYRES","2,786,117",TO,Palmas,"2020-06-03 ",70,true,20,18,0,7
"SANTA CASA DE APARECIDA","2,083,051",SP,Aparecida,"2020-06-03 ",17,true,20,9,5,0
"SANTA CASA DE ARARAQUARA","2,082,527",SP,Araraquara,"2020-06-03 ",30,true,20,20,1,0
"SANTA CASA DE MISERICORDIA DE PARANAIBA","2,375,850",MS,"Paranaíba","2020-06-03 ",6,true,20,0,1,1
"SANTA CASA DE PARAGUACU PAULISTA","2,082,519",SP,"Paraguaçu Paulista","2020-06-03 ",11,true,20,5,1,1
"SANTA CASA DE SAO GABRIEL","2,248,204",RS,"São Gabriel","2020-06-03 ",17,true,20,3,10,3
"HOSPITAL BOM JESUS","2,377,829",SC,Ituporanga,"2020-06-03 ",10,true,19,1,1,1
"HOSPITAL BOM JESUS","18,694",PR,"Rio Negro","2020-06-03 ",1,true,0,0,1,0
"HOSPITAL RESTINGA E EXTREMO SUL","7,513,151",RS,"Porto Alegre","2020-06-03 ",7,true,19,3,0,0
"HOSPITAL SAO VICENTE DE PAULO RIO POMBA","2,149,419",MG,"Rio Pomba","2020-06-03 ",3,true,19,0,0,0
"SANTA CASA DE ARACATUBA HOSPITAL SAGRADO CORACAO DE JESUS","2,078,775",SP,"Araçatuba","2020-06-03 ",41,true,19,0,12,4
"SANTA CASA DE CAFELANDIA","2,791,684",SP,"Cafelândia","2020-06-03 ",4,true,19,0,0,0
"ASSOCIACAO HOSPITALAR BENEFICENTE MOACIR MICHELETTO","4,051,165",PR,"Assis Chateaubriand","2020-06-03 ",14,true,18,10,13,6
"DR RUBENS SAVASTANO HOSPITAL REGIONAL DE SAO JOSE DOS CAMPOS","9,491,252",SP,"São José dos Campos","2020-06-03 ",30,true,18,10,13,4
"HOSPITAL DE SANTOS DUMONT","2,796,562",MG,"Santos Dumont","2020-06-03 ",4,true,18,9,0,0
"HOSPITAL REGIONAL DE PIRACICABA","9,425,802",SP,Piracicaba,"2020-06-03 ",24,true,18,18,9,18
"HOSPITAL CARLOS FERNANDO MALZONI MATAO","2,090,961",SP,"Matão","2020-06-03 ",32,true,17,13,1,4
"SANTA CASA HOSP DR ARISTOTELES OLIVEIRA MARTINS PRES PRUDENT","2,080,532",SP,"Presidente Prudente","2020-06-03 ",16,true,17,11,1,1
"HOSPITAL DE BASTOS","2,092,980",SP,Bastos,"2020-06-03 ",1,true,16,5,0,0
"HOSPITAL DE CLINICAS DE SAO SEBASTIAO","2,765,934",SP,"São Sebastião","2020-06-03 ",5,true,16,2,10,3
"HOSPITAL DR CANDIDO JUNQUEIRA","2,761,254",MG,"Cruzília","2020-06-03 ",1,true,16,0,0,0
"HOSPITAL POLICLINICA E MATERNIDADE DE BARBACENA","2,098,474",MG,Barbacena,"2020-06-03 ",6,true,16,10,3,3
"HOSPITAL DR RENATO SILVA DE SOCORRO","2,079,704",SP,Socorro,"2020-06-03 ",3,true,15,7,0,0
"HOSPITAL EVANGELICO DE BELO HORIZONTE","26,808",MG,"Belo Horizonte","2020-06-03 ",24,true,15,2,3,1
"HOSPITAL REGIONAL JORGE ROSSMANN DE ITANHAEM","2,087,804",SP,"Itanhaém","2020-06-03 ",23,true,15,20,10,10
"HOSPITAL UNIVERSITARIO DA UNIVERSIDADE FEDERAL DO PIAUI","3,285,391",PI,Teresina,"2020-06-03 ",49,true,15,0,11,14
"SANTA CASA DE MARILIA","2,083,116",SP,"Marília","2020-06-03 ",54,true,15,7,2,2
"CASA CARIDADE SANTA TEREZA","2,202,891",MG,Serro,"2020-06-03 ",0,true,14,0,1,0
"INSTITUTO NOSSA SENHORA DO CARMO","2,123,061",MG,Barroso,"2020-06-03 ",2,true,14,0,0,0
"SANTA CASA DA MISERICORDIA DE SAO JOAO DEL REI","2,161,354",MG,"São João del Rei","2020-06-03 ",22,true,14,10,0,8
"SANTA CASA DE CASSILANDIA","2,375,680",MS,"Cassilândia","2020-06-03 ",2,true,14,0,0,0
"SANTA CASA DE TUPA","2,080,664",SP,"Tupã","2020-06-03 ",13,true,14,10,6,3
"FUNDHOSPAR FUNDACAO HOSPITALAR DO PARANA","2,735,989",PR,Cianorte,"2020-06-03 ",14,true,13,6,5,3
"HOSPITAL E MATERNIDADE SAO JOSE BARRA BONITA","2,082,632",SP,"Barra Bonita","2020-06-03 ",6,true,13,0,4,0
"HOSPITAL NOSSA SENHORA AUXILIADORA","2,118,513",MG,Caratinga,"2020-06-03 ",11,true,13,0,0,0
"HOSPITAL PROFESSOR AGAMENON MAGALHAES","2,348,489",PE,"Serra Talhada","2020-06-03 ",5,true,13,0,6,0
"HOSPITAL REGIONALTERESINHA NUNES DE BARROS","2,365,383",PI,"São João do Piauí","2020-06-03 ",0,true,13,0,0,0
"SANTA CASA DE FERNANDOPOLIS","2,093,324",SP,"Fernandópolis","2020-06-03 ",18,true,13,6,5,1
"HOSPITAL E MATERNIDADE ZULMIRA SEDRIN AGUIAR","2,499,029",CE,Cedro,"2020-06-03 ",0,true,12,0,1,0
"HOSPITAL GERAL DE FARIAS BRITO HGFB","2,372,479",CE,"Farias Brito","2020-06-03 ",1,true,12,0,0,0
"HOSPITAL MARIA LUCINDA",566,PE,Recife,"2020-06-03 ",27,true,12,9,6,19
"HOSPITAL REGIONAL DE ILHA SOLTEIRA","2,078,511",SP,"Ilha Solteira","2020-06-03 ",9,true,12,10,2,0
"SANTA CASA DE ADAMANTINA","2,077,647",SP,Adamantina,"2020-06-03 ",8,true,12,0,4,0
"SANTA CASA DE MISERICORDIA DE OSVALDO CRUZ","2,082,586",SP,"Osvaldo Cruz","2020-06-03 ",6,true,12,6,1,1
"HOSPITAL INFANTIL LUCIDIO PORTELLA","2,323,249",PI,Teresina,"2020-06-03 ",8,true,11,5,2,0
"HOSPITAL SANTO ANTONIO TENENTE PORTELA","5,384,117",RS,"Tenente Portela","2020-06-03 ",15,true,11,2,5,1
"SANTA CASA DE MISERICORDIA DE JALES","2,079,895",SP,Jales,"2020-06-03 ",21,true,11,8,3,5
"CASA DE CARIDADE LEOPOLDINENSE","2,122,650",MG,Leopoldina,"2020-06-03 ",8,true,10,5,2,4
"CENTRO HOSPITALAR DO SISTEMA PENITENCIARIO SAO PAULO","3,001,466",SP,"São Paulo","2020-06-03 ",12,true,10,11,1,1
"HOSP EST JULIO HARTMAN","2,323,583",PI,Esperantina,"2020-06-03 ",1,true,10,0,4,0
"HOSPITAL ESTADUAL AMERICO BRASILIENSE","6,164,366",SP,"Américo Brasiliense","2020-06-03 ",19,true,10,10,8,4
"HOSPITAL IMACULADA CONCEICAO RIBEIRAO PRETO","2,080,400",SP,"Ribeirão Preto","2020-06-03 ",27,true,10,5,5,3
"HOSPITAL JORGE CAETANO DE MATTOS","2,161,729",MG,"Ervália","2020-06-03 ",2,true,10,0,0,0
"HOSPITAL MARTAGAO GESTEIRA","4,278",BA,Salvador,"2020-06-03 ",41,true,10,10,14,6
"HOSPITAL REGIONAL DE ASSIS","2,083,094",SP,Assis,"2020-06-03 ",40,true,10,6,1,0
"HOSPITAL REGIONAL DE BARBACENA DR JOSE AMERICO","3,698,548",MG,Barbacena,"2020-06-03 ",14,true,10,6,1,1
"HOSPITAL REGIONAL DOM MOURA","2,702,983",PE,Garanhuns,"2020-06-03 ",30,true,10,1,5,3
"HOSPITAL SAO JOSE DE HERCULANDIA","2,080,281",SP,"Herculândia","2020-06-03 ",1,true,10,0,0,0
"HOSPITAL UNIVERSITARIO SAO FRANCISCO NA PROVIDENCIA DE DEUS","2,704,900",SP,"Bragança Paulista","2020-06-03 ",26,true,10,17,2,3
"MARIANA HOSPITAL MONSENHOR HORTA","2,200,945",MG,Mariana,"2020-06-03 ",3,true,10,0,0,0
"POLICLINICA PATO BRANCO","17,868",PR,"Pato Branco","2020-06-03 ",15,true,10,5,3,2
"SANTA CASA DE MIS E MATERNIDADE N SRA DA CONCEICAO CUNHA","2,079,518",SP,Cunha,"2020-06-03 ",5,true,10,0,0,0
"SANTA CASA DE MISERICORDIA DE ITAJUBA","2,127,687",MG,"Itajubá","2020-06-03 ",9,true,10,1,2,6
"SANTA CASA DE RIO CLARO","2,082,888",SP,"Rio Claro","2020-06-03 ",22,true,10,10,9,11
"SANTA CASA DE TUPI PAULISTA","2,081,385",SP,"Tupi Paulista","2020-06-03 ",2,true,10,0,1,0
"SANTA CASA MISERICORDIA PADRE JOAO SCHNEIDER MARTINOPOLIS","2,751,011",SP,"Martinópolis","2020-06-03 ",2,true,10,0,0,0
"SOCIEDADE BENEFICENTE DONA ELMIRIA SILVERIO BARBOSA","2,370,816",MS,"Sidrolândia","2020-06-03 ",4,true,10,5,0,0
"HOSP LOCAL JULIO B DE MACEDO","2,365,480",PI,"Curimatá","2020-06-03 ",0,true,9,0,0,0
"HOSPITAL REGIONAL INACIO DE SA","2,356,287",PE,Salgueiro,"2020-06-03 ",6,true,9,6,4,3
"HOSPITAL SAO SEBASTIAO MARTIR","2,236,370",RS,"Venâncio Aires","2020-06-03 ",21,true,9,3,5,8
"HOSPITAL UNIVERSITARIO REGIONAL DE MARINGA","2,587,335",PR,"Maringá","2020-06-03 ",4,true,9,10,3,6
"SANTA CASA DE GUARA","2,083,973",SP,"Guará","2020-06-03 ",1,true,9,0,0,0
"SANTA CASA DE SAO JOAQUIM DA BARRA","2,080,044",SP,"São Joaquim da Barra","2020-06-03 ",10,true,9,5,5,3
HOESP,"4,056,752",PR,Toledo,"2020-06-03 ",9,true,8,16,5,6
"HOSPITAL DE MISERICORDIA ALTINOPOLIS","2,716,593",SP,"Altinópolis","2020-06-03 ",2,true,8,0,0,0
"HOSPITAL FREI GALVAO","2,081,644",SP,"Guaratinguetá","2020-06-03 ",32,true,8,12,0,3
"HOSPITAL REGIONAL DE CARIDADE NOSSA SRA APARECIDA","2,568,349",PR,"União da Vitória","2020-06-03 ",11,true,8,4,2,2
"HOSPITAL REGIONAL DE PEDRO AFONSO LEONICIO DE SOUSA MIRANDA","2,468,271",TO,"Pedro Afonso","2020-06-03 ",0,true,8,0,0,0
"SANTA CASA DE ASSIS","2,081,083",SP,Assis,"2020-06-03 ",1,true,8,9,1,1
"SANTA CASA DE JAU","2,791,722",SP,"Jaú","2020-06-03 ",51,true,8,15,11,7
"SANTA CASA DE MONTE ALTO","2,028,204",SP,"Monte Alto","2020-06-03 ",8,true,8,5,1,5
"SANTA CASA DE OLIMPIA","2,082,845",SP,"Olímpia","2020-06-03 ",9,true,8,8,0,2
"UNIDADE MISTA ELIZABETH BARBOSA","2,639,068",PE,"Custódia","2020-06-03 ",0,true,8,0,0,0
AHBB,"9,680,500",SP,"Garça","2020-06-03 ",3,true,7,0,0,0
"HOSP MUNICIPAL DE JATI","2,426,730",CE,Jati,"2020-06-03 ",0,true,7,0,0,0
"HOSPITAL DOS FORNECEDORES DE CANA DE PIRACICABA","2,087,057",SP,Piracicaba,"2020-06-03 ",58,true,7,8,5,5
"HOSPITAL E MATERNIDADE SAO JOSE SERTAOZINHO","2,084,171",SP,"Sertãozinho","2020-06-03 ",24,true,7,6,7,5
"HOSPITAL SAO CARLOS","2,240,335",RS,Farroupilha,"2020-06-03 ",12,true,7,2,6,0
"HOSP LOCAL DE LUZILANDIA","2,324,288",PI,"Luzilândia","2020-06-03 ",1,true,6,0,1,0
"HOSPITAL DE CAMPANHA COVID 19 SANTA CASA DE SANTA ISABEL","2,083,140",SP,"Santa Isabel","2020-06-03 ",10,true,6,2,10,1
"HOSPITAL E MATERNIDADE JOSE FORTUNA","2,079,216",SP,Castilho,"2020-06-03 ",1,true,6,0,1,0
"HOSPITAL E MATERNIDADE SANTA ISABEL DE JABOTICABAL","2,025,477",SP,Jaboticabal,"2020-06-03 ",2,true,6,5,5,5
"HOSPITAL IBIAPABA CEBAMS","2,098,938",MG,Barbacena,"2020-06-03 ",20,true,6,5,0,1
"HOSPITAL MATERNIDADE SANTA RITA","2,527,685",CE,"Alto Santo","2020-06-03 ",0,true,6,0,2,0
"HOSPITAL MUNICIPAL DR ACILIO CARREON GARCIA","2,058,308",SP,"Nova Odessa","2020-06-03 ",4,true,6,0,2,0
"HOSPITAL MUNICIPAL JOSE HENRIQUE DE LIMA","2,639,211",PE,"Lagoa Grande","2020-06-03 ",0,true,6,0,0,0
"HOSPITAL REGIONAL DE ARAGUAINA","2,600,536",TO,"Araguaína","2020-06-03 ",32,true,6,10,5,8
"HOSPITAL SAO SEBASTIAO DE BORBOREMA","2,081,989",SP,Borborema,"2020-06-03 ",1,true,6,0,2,0
"SANTA CASA DE IGARAPAVA","2,079,348",SP,Igarapava,"2020-06-03 ",2,true,6,0,0,0
"SANTA CASA DE LIMEIRA","2,081,458",SP,Limeira,"2020-06-03 ",41,true,6,10,1,10
"SANTA CASA DE PANORAMA","2,079,283",SP,Panorama,"2020-06-03 ",1,true,6,0,1,0
"SANTA CASA DE PRESIDENTE VENCESLAU","2,078,139",SP,"Presidente Venceslau","2020-06-03 ",7,true,6,1,1,0
"SANTA CASA DE RIBEIRAO PRETO","2,084,414",SP,"Ribeirão Preto","2020-06-03 ",65,true,6,11,7,6
"SANTA CASA HOSPITAL JESUS MARIA JOSE","2,082,497",SP,"Bernardino de Campos","2020-06-03 ",2,true,6,0,1,0
"HOSP EST NORBERTO MOURA","2,364,824",PI,"Elesbão Veloso","2020-06-03 ",0,true,5,0,3,0
"HOSPITAL E MATERNIDADE DE RANCHARIA","2,081,873",SP,Rancharia,"2020-06-03 ",14,true,5,1,2,0
"HOSPITAL JOAO DEPIERI DE CAJOBI","2,081,296",SP,Cajobi,"2020-06-03 ",2,true,5,0,1,0
"HOSPITAL JULIO MAIA","2,371,065",MS,"Brasilândia","2020-06-03 ",0,true,5,0,0,0
"HOSPITAL SANTA BARBARA","2,079,232",SP,"Santa Bárbara d'Oeste","2020-06-03 ",19,true,5,5,6,1
"HOSPITAL UNIVERSITARIO JULIO MULLER","2,655,411",MT,"Cuiabá","2020-06-03 ",29,true,5,16,2,8
"MATERNIDADE UNIDADE MISTA FELINTO WANDERLEY","2,702,843",PE,Triunfo,"2020-06-03 ",0,true,5,0,0,0
"SANTA CASA DE CHAVANTES","2,082,438",SP,Chavantes,"2020-06-03 ",2,true,5,0,0,0
"SANTA CASA DE SANTO ANASTACIO","2,751,046",SP,"Santo Anastácio","2020-06-03 ",1,true,5,0,0,0
"SANTA CASA DE SAO PEDRO","2,084,422",SP,"São Pedro","2020-06-03 ",8,true,5,5,2,1
"SANTA CASA MISER STACRUZ RIO PARDO","2,084,058",SP,"Santa Cruz do Rio Pardo","2020-06-03 ",13,true,5,5,9,2
"UNIDADE MISTA ADELAIDE TAVARES DE SA","2,703,106",PE,Verdejante,"2020-06-03 ",0,true,5,0,0,0
"ASSOCIACAO DE PROTECAO A MATERNIDADE E A INFANCIA","2,568,373",PR,"União da Vitória","2020-06-03 ",13,true,4,2,1,0
"HOSPITAL DE MISERICORDIA NOSSA SENHORA APARECIDA","2,698,374",SP,"Presidente Bernardes","2020-06-03 ",2,true,4,0,1,0
"HOSPITAL DONA BALBINA","2,082,322",SP,"Porto Ferreira","2020-06-03 ",10,true,4,2,5,0
"HOSPITAL ESTADUAL PORTO PRIMAVERA ROSANA","2,750,546",SP,Rosana,"2020-06-03 ",4,true,4,0,0,0
"HOSPITAL PADRE ALBINO CATANDUVA","2,089,327",SP,Catanduva,"2020-06-03 ",40,true,4,0,0,0
"HOSPITAL SANTA THEREZINHA BROTAS","2,081,784",SP,Brotas,"2020-06-03 ",1,true,4,2,0,0
"INSTITUTO LUCENA SANCHEZ","2,590,182",PR,"Ivaiporã","2020-06-03 ",9,true,4,2,1,0
"SANTA CASA DE AREALVA","2,791,668",SP,Arealva,"2020-06-03 ",1,true,4,0,0,0
"SANTA CASA SANTA RITA DO PASSA QUATRO","2,091,267",SP,"Santa Rita do Passa Quatro","2020-06-03 ",5,true,4,0,1,0
"UNIDADE MISTA DE SAUDE VEREADOR SILVINO CORDEIRO","2,348,713",PE,Calumbi,"2020-06-03 ",0,true,3,0,0,0
"HOSP DA STA CASA DE STO AMARO","2,075,962",SP,"São Paulo","2020-06-03 ",36,true,2,29,80,85
"HOSPITAL DE AMARANTE","2,364,883",PI,Amarante,"2020-06-03 ",0,true,2,0,0,0
"HOSPITAL ESTADUAL DR ODILO ANTUNES DE SIQUEIRA P PRUDENTE","2,750,511",SP,"Presidente Prudente","2020-06-03 ",15,true,2,0,1,0
"HOSPITAL REGIONAL DE ARRAIAS","2,792,451",TO,Arraias,"2020-06-03 ",0,true,2,0,0,0
"HOSPITAL REGIONAL DE SANTANA DO IPANEMA","5,616,298",AL,"Santana do Ipanema","2020-06-03 ",14,true,2,1,4,1
"HOSPITAL SAO FRANCISCO DE ASSIS","2,085,194",SP,"Jacareí","2020-06-03 ",49,true,2,2,6,4
"SANTA CASA DE CRAVINHOS","2,079,496",SP,Cravinhos,"2020-06-03 ",1,true,2,0,2,0
"SANTA CASA DE LUCELIA","2,081,431",SP,"Lucélia","2020-06-03 ",3,true,2,0,3,0
"SANTA CASA DE MISERICORDIA DE TAGUAI","2,082,934",SP,"Taguaí","2020-06-03 ",1,true,2,0,0,0
"SANTA CASA DE PITANGUEIRAS","2,089,548",SP,Pitangueiras,"2020-06-03 ",4,true,2,0,0,0
"UNIDADE MISTA DR MANOEL NOVAES","2,639,114",PE,Itacuruba,"2020-06-03 ",0,true,2,0,0,0
"A C CAMARGO CANCER CENTER","2,077,531",SP,"São Paulo","2020-06-03 ",92,true,0,0,22,13
APROMIA,"2,178,850",MG,"Ataléia","2020-06-03 ",1,true,0,0,0,0
"ASSOCIACAO BENEFICENTE HOSPITAL SAO LUCAS","2,378,116",SC,Guaraciaba,"2020-06-03 ",3,true,0,0,0,0
"ASSOCIACAO DE AMPARO AO EXCEPCIONAL RITINHA PRATES","2,082,675",SP,"Araçatuba","2020-06-03 ",0,true,0,0,0,0
"ASSOCIACAO HOSPITALAR DE RONDA ALTA","2,235,420",RS,"Ronda Alta","2020-06-03 ",2,true,0,0,0,0
"ASSOCIACAO SAUDE DE MANGUEIRINHA","2,595,265",PR,Mangueirinha,"2020-06-03 ",1,true,0,0,0,0
"BP HOSPITAL FILANTROPICO","6,984,649",SP,"São Paulo","2020-06-03 ",0,true,0,0,5,1
"C E ATENCAO PROL E CASA APOIO COND SOLIDARIEDADE CEAPSOL","9,138,625",GO,"Goiânia","2020-06-03 ",5,true,0,0,0,0
"CAIS CLEMENTE FERREIRA DE LINS","2,081,725",SP,Lins,"2020-06-03 ",1,true,0,0,0,0
"CASA DE CARIDADE SANTA RITA","2,287,919",RJ,"Barra do Piraí","2020-06-03 ",9,true,0,0,3,0
"CASA DE CARIDADE SANTO ANTONIO","2,764,822",MG,"Virgínia","2020-06-03 ",1,true,0,0,0,0
"CASA DE CARIDADE SAO VICENTE DE PAULO","2,161,702",MG,"Miraí","2020-06-03 ",0,true,0,0,0,0
"CASAS ANDRE LUIZ GUARULHOS","2,082,276",SP,Guarulhos,"2020-06-03 ",10,true,0,0,16,1
"CENTRO DE REFERENCIA DA SAUDE DA MULHER SAO PAULO","2,078,287",SP,"São Paulo","2020-06-03 ",14,true,0,0,5,1
"CENTRO DE TRATAMENTO FABIANA MACEDO DE MORAIS","5,869,412",SP,"São José dos Campos","2020-06-03 ",6,true,0,0,0,0
"CENTRO ESP EM REABILITACAO DR ARNALDO PEZZUTI CAVALCANTI MOG","2,084,236",SP,"Mogi das Cruzes","2020-06-03 ",35,true,0,0,0,0
"ESMERALDAS HOSPITAL MUNICIPAL 25 DE MAIO","3,048,675",MG,Esmeraldas,"2020-06-03 ",2,true,0,0,0,1
"FUNDACAO MEDICA","2,378,876",SC,Descanso,"2020-06-03 ",0,true,0,0,0,0
"HOSP DO SERV PUB MUNICIPAL HSPM","2,752,077",SP,"São Paulo","2020-06-03 ",43,true,0,0,19,19
"HOSP E MAT MAE DIV AMOR PROV DEUS MIRASSOL","2,716,275",SP,Mirassol,"2020-06-03 ",2,true,0,0,0,0
"HOSP ESCOLA EMILIO CARLOS CATANDUVA","2,089,335",SP,Catanduva,"2020-06-03 ",11,true,0,20,16,6
"HOSP EST ESPEC EM REABILIT DR FRANCISCO RIBEIRO ARANTES","2,080,192",SP,Itu,"2020-06-03 ",0,true,0,0,3,0
"HOSP MUN CARMEN PRUDENTE","5,420,938",SP,"São Paulo","2020-06-03 ",50,true,0,20,65,19
"HOSP MUN INFANTIL MENINO JESUS","2,078,325",SP,"São Paulo","2020-06-03 ",37,true,0,10,3,3
"HOSP MUN V NHOCUNE ALEXANDRE ZAIO","2,080,788",SP,"São Paulo","2020-06-03 ",11,true,0,0,6,0
"HOSP REG DEOLINDO COUTO","2,777,762",PI,Oeiras,"2020-06-03 ",2,true,0,0,1,0
"HOSP STA CRUZ","2,082,624",SP,"São Paulo","2020-06-03 ",0,true,0,0,13,16
"HOSPISTAL MATERNIDADE DR LUIS DE GONZAGA DA FONSECA MOTA","2,528,282",CE,"Hidrolândia","2020-06-03 ",0,true,0,0,0,0
"HOSPITAL ASSISTENCIAL MARIA CAVALOTTI NEVES POTIRENDABA","2,096,617",SP,Potirendaba,"2020-06-03 ",3,true,0,0,0,0
"HOSPITAL BENEFICENTE NOSSA SENHORA APARECIDA","2,707,942",RS,"Muçum","2020-06-03 ",1,true,0,0,0,0
"HOSPITAL BENEFICENTE SAO JOAO BOSCO","2,241,226",RS,"São Marcos","2020-06-03 ",5,true,0,0,2,0
"HOSPITAL BOM SAMARITANO","2,118,661",MG,"Governador Valadares","2020-06-03 ",15,true,0,0,0,0
"HOSPITAL BOM SAMARITANO","2,572,192",PR,"Céu Azul","2020-06-03 ",0,true,0,0,0,0
"HOSPITAL BP","2,080,575",SP,"São Paulo","2020-06-03 ",282,true,0,0,59,43
"HOSPITAL CALIXTO MIDLEJ FILHO","2,772,280",BA,Itabuna,"2020-06-03 ",8,true,0,0,9,7
"HOSPITAL CASSIANO CAMPOLINA","2,117,568",MG,"Entre Rios de Minas","2020-06-03 ",2,true,0,0,0,0
"HOSPITAL CHAPOT PREVOST","2,019,566",AM,Manaus,"2020-06-03 ",4,true,0,0,0,0
"HOSPITAL CONCORDIA","2,569,213",ES,"Santa Maria de Jetibá","2020-06-03 ",5,true,0,0,3,0
"HOSPITAL CRISTO REI","2,729,385",PR,"Ibiporã","2020-06-03 ",2,true,0,0,0,0
"HOSPITAL CURA D ARS","2,208,067",MG,Machacalis,"2020-06-03 ",1,true,0,0,0,0
"HOSPITAL DA POLICIA MILITAR DIRCEU ARCOVERDE","2,323,451",PI,Teresina,"2020-06-03 ",0,true,0,0,20,0
"HOSPITAL DAS CLINICAS",396,PE,Recife,"2020-06-03 ",53,true,0,12,15,15
"HOSPITAL DAS CLINICAS NAZEOZENO","2,534,886",GO,"Crixás","2020-06-03 ",0,true,0,0,0,0
"HOSPITAL DE BARREIRA","2,373,475",CE,Barreira,"2020-06-03 ",1,true,0,0,1,0
"HOSPITAL DE CAMPANHA COVID 19 COTIA","103,608",SP,Cotia,"2020-06-03 ",0,true,0,6,11,5
"HOSPITAL DE CAMPANHA COVID 19 DE FEIRA NOVA","111,813",PE,"Feira Nova","2020-06-03 ",0,true,0,0,1,0
"HOSPITAL DE CAMPANHA COVID 19 UPA AKIRA","110,981",SP,"Taboão da Serra","2020-06-03 ",0,true,0,0,4,2
"HOSPITAL DE CARIDADE DE VARGEM GRANDE DO SUL","2,081,903",SP,"Vargem Grande do Sul","2020-06-03 ",3,true,0,0,4,0
"HOSPITAL DE CARIDADE NOSSA SENHORA DA CONCEICAO PIRATINI","2,233,347",RS,Piratini,"2020-06-03 ",2,true,0,0,1,0
"HOSPITAL DE CARIDADE SERRO AZUL","2,259,869",RS,"Cerro Largo","2020-06-03 ",1,true,0,0,0,0
"HOSPITAL DE CIRURGIA","2,283",SE,Aracaju,"2020-06-03 ",14,true,0,10,26,26
"HOSPITAL DE CLINICAS DA UFTM","2,206,595",MG,Uberaba,"2020-06-03 ",93,true,0,0,0,2
"HOSPITAL DE CLINICAS NOSSA SENHORA DA CONCEICAO","2,294,923",RJ,"Três Rios","2020-06-03 ",15,true,0,0,0,6
"HOSPITAL DE PINHALZINHO","2,537,826",SC,Pinhalzinho,"2020-06-03 ",0,true,0,0,0,0
"HOSPITAL DE RIO DE CONTAS","2,509,636",BA,"Rio de Contas","2020-06-03 ",0,true,0,0,0,0
"HOSPITAL DE RIO FORTUNA","2,386,038",SC,"Rio Fortuna","2020-06-03 ",1,true,0,0,0,0
"HOSPITAL DE SANTO ANTONIO DA PATRULHA","6,389,104",RS,"Santo Antônio da Patrulha","2020-06-03 ",4,true,0,0,0,0
"HOSPITAL DE TUNAPOLIS","2,378,140",SC,"Tunápolis","2020-06-03 ",0,true,0,0,0,0
"HOSPITAL DE URGENCIAS DE TRINDADE WALDA FERREIRA DOS SANTOS","5,095,808",GO,Trindade,"2020-06-03 ",5,true,0,6,1,1
"HOSPITAL DE URGENCIAS GOV OTAVIO LAGE DE SIQUEIRA HUGOL","7,743,068",GO,"Goiânia","2020-06-03 ",110,true,0,40,4,5
"HOSPITAL DISTRITAL EVANDRO AYRES DE MOURA ANTONIO BEZERRA","2,516,683",CE,Fortaleza,"2020-06-03 ",19,true,0,0,32,10
"HOSPITAL DO CANCER DE CASCAVEL UOPECCAN","2,740,338",PR,Cascavel,"2020-06-03 ",14,true,0,0,1,0
"HOSPITAL DO CORACAO DE NATAL","8,003,629",RN,Natal,"2020-06-03 ",33,true,0,0,16,16
"HOSPITAL DO OESTE","3,972,925",BA,Barreiras,"2020-06-03 ",70,true,0,0,0,3
"HOSPITAL DR ADHEMAR DE BARROS APIAI","2,082,098",SP,"Apiaí","2020-06-03 ",2,true,0,0,1,0
"HOSPITAL DR LEOPOLDO BEVILACQUA","2,077,434",SP,"Pariquera-Açu","2020-06-03 ",30,true,0,0,6,1
"HOSPITAL E MAT MUNICIPAL DE ACREUNA","2,437,570",GO,"Acreúna","2020-06-03 ",2,true,0,0,0,0
"HOSPITAL E MATERNIDADE JARAGUA","2,507,129",GO,"Jaraguá","2020-06-03 ",0,true,0,0,0,0
"HOSPITAL E MATERNIDADE LEONOR MENDES DE BARROS SAO PAULO","2,077,701",SP,"São Paulo","2020-06-03 ",22,true,0,0,0,1
"HOSPITAL E MATERNIDADE MUNICIPAL MANOEL GONCALVES EUFRASIO","9,601,503",PA,"Garrafão do Norte","2020-06-03 ",1,true,0,0,5,0
"HOSPITAL E MATERNIDADE NOSSA SENHORA DAS GRACAS","2,733,285",PR,"Campina da Lagoa","2020-06-03 ",0,true,0,0,0,0
"HOSPITAL E MATERNIDADE OASE","2,537,192",SC,"Timbó","2020-06-03 ",2,true,0,0,3,7
"HOSPITAL E MATERNIDADE SANTA TEREZINHA","2,377,632",SC,Salete,"2020-06-03 ",3,true,0,0,0,0
"HOSPITAL E MATERNIDADE SAO JOAO BATISTA","2,397,684",MT,"Poxoréu","2020-06-03 ",5,true,0,0,0,0
"HOSPITAL E MATERNIDADE SAO JUDAS TADEU","2,666,626",PR,"Dois Vizinhos","2020-06-03 ",0,true,0,0,0,0
"HOSPITAL E MATERNIDADE SAO PEDRO","2,167,670",MG,"São Pedro da União","2020-06-03 ",1,true,0,0,0,0
"HOSPITAL E P S DA CRIANCA DA ZONA LESTE","2,012,030",AM,Manaus,"2020-06-03 ",20,true,0,0,1,0
"HOSPITAL E PRONTO SOCORRO DA CRIANCA ZONA SUL","2,012,472",AM,Manaus,"2020-06-03 ",28,true,0,0,0,0
"HOSPITAL ESCOLA DA UNIVERSIDADE FEDERAL DE PELOTAS","2,252,694",RS,Pelotas,"2020-06-03 ",59,true,0,0,4,2
"HOSPITAL ESTADUAL DA CRIANCA","6,602,533",BA,"Feira de Santana","2020-06-03 ",79,true,0,0,5,2
"HOSPITAL ESTADUAL DE JARAGUA SANDINO DE AMORIM","2,361,949",GO,"Jaraguá","2020-06-03 ",1,true,0,0,0,0
"HOSPITAL ESTADUAL DE URGENCIA E EMERGENCIA","7,621,442",ES,"Vitória","2020-06-03 ",43,true,0,0,2,10
"HOSPITAL ESTADUAL DE VILA ALPINA ORG SOCIAL SECONCI SAO PAUL","2,077,426",SP,"São Paulo","2020-06-03 ",61,true,0,20,37,35
"HOSPITAL ESTADUAL DR ALBANO DA FRANCA ROCHA SOBRINHO","6,878,687",SP,"Franco da Rocha","2020-06-03 ",27,true,0,5,21,6
"HOSPITAL ESTADUAL JOAO PAULO II SAO JOSE DO RIO PRETO","6,236,596",SP,"São José do Rio Preto","2020-06-03 ",15,true,0,0,0,0
"HOSPITAL ESTADUAL PROF CARLOS DA SILVA LACAZ FCO MORATO","3,028,399",SP,"Francisco Morato","2020-06-03 ",27,true,0,10,0,20
"HOSPITAL FLAVIO LEAL","2,267,187",RJ,"Piraí","2020-06-03 ",6,true,0,0,3,0
"HOSPITAL FRANCISCO ROSAS","2,751,623",SP,"Espírito Santo do Pinhal","2020-06-03 ",6,true,0,10,5,1
"HOSPITAL GERAL DE CARAPICUIBA","2,792,168",SP,"Carapicuíba","2020-06-03 ",40,true,0,0,6,4
"HOSPITAL GERAL DE GOIANIA DR ALBERTO RASSI HGG","2,338,734",GO,"Goiânia","2020-06-03 ",57,true,0,0,0,3
"HOSPITAL GERAL PRADO VALADARES","2,400,693",BA,"Jequié","2020-06-03 ",15,true,0,0,13,14
"HOSPITAL GETULIO VARGAS FILHO","12,599",RJ,"Niterói","2020-06-03 ",17,true,0,0,1,2
"HOSPITAL GPACI SOROCABA","2,079,321",SP,Sorocaba,"2020-06-03 ",10,true,0,0,0,1
"HOSPITAL GRAACC INSTITUTO DE ONCOLOGIA PEDIATRICA IOP","2,089,696",SP,"São Paulo","2020-06-03 ",8,true,0,0,0,2
"HOSPITAL INFANTIL CANDIDO FONTOURA SAO PAULO","2,088,517",SP,"São Paulo","2020-06-03 ",31,true,0,0,3,1
"HOSPITAL INFANTIL DARCY VARGAS UGA III SAO PAULO","2,071,371",SP,"São Paulo","2020-06-03 ",19,true,0,0,7,4
"HOSPITAL LEONOR MENDES DE BARROS","3,753,433",SP,"Campos do Jordão","2020-06-03 ",6,true,0,0,1,0
"HOSPITAL MARIA RAFAEL DE SIQUEIRA","2,715,317",PE,"São José do Egito","2020-06-03 ",2,true,0,0,1,0
"HOSPITAL MATERNIDADE ALMEIDA CASTRO","2,410,281",RN,"Mossoró","2020-06-03 ",20,true,0,0,2,2
"HOSPITAL MATERNIDADE GUIOMAR FERNANDES","2,407,574",RN,Alexandria,"2020-06-03 ",1,true,0,0,2,0
"HOSPITAL MATERNO INFANTIL DONA ZEBINA","2,535,637",GO,Montividiu,"2020-06-03 ",1,true,0,0,1,0
"HOSPITAL MEDIANEIRA PLANALTO","2,228,556",RS,Planalto,"2020-06-03 ",3,true,0,0,0,0
"HOSPITAL MESTRE ALBERTO LEITE DE SOUSA","7,006,462",MA,"Sucupira do Riachão","2020-06-03 ",0,true,0,0,0,0
"HOSPITAL MUNICIPAL ANA MOREIRA","2,290,073",RJ,"Conceição de Macabu","2020-06-03 ",2,true,0,0,1,2
"HOSPITAL MUNICIPAL ANTONIO REIS","2,760,932",MG,"Campo do Meio","2020-06-03 ",1,true,0,0,0,0
"HOSPITAL MUNICIPAL AUGUSTINHO GESUALD BLANC","2,267,454",RJ,"Aperibé","2020-06-03 ",2,true,0,0,0,0
"HOSPITAL MUNICIPAL CAMPO ALEGRE","2,381,664",GO,"Campo Alegre de Goiás","2020-06-03 ",1,true,0,0,0,0
"HOSPITAL MUNICIPAL DA CRIANCA E DO ADOLESCENTE HMCA","2,080,427",SP,Guarulhos,"2020-06-03 ",16,true,0,0,5,1
"HOSPITAL MUNICIPAL DE BRITANIA","2,382,377",GO,"Britânia","2020-06-03 ",0,true,0,0,0,0
"HOSPITAL MUNICIPAL DE CARINHANHA","4,024,303",BA,Carinhanha,"2020-06-03 ",1,true,0,0,0,0
"HOSPITAL MUNICIPAL DE CORUMBAIBA","2,436,906",GO,"Corumbaíba","2020-06-03 ",1,true,0,0,0,0
"HOSPITAL MUNICIPAL DE GUANAMBI","2,816,881",BA,Guanambi,"2020-06-03 ",1,true,0,0,0,0
"HOSPITAL MUNICIPAL DE ITAJA","2,438,003",GO,"Itajá","2020-06-03 ",0,true,0,0,0,0
"HOSPITAL MUNICIPAL DE ITAPIRA","2,081,091",SP,Itapira,"2020-06-03 ",9,true,0,18,11,5
"HOSPITAL MUNICIPAL DE IVAI","2,687,089",PR,"Ivaí","2020-06-03 ",4,true,0,0,0,0
"HOSPITAL MUNICIPAL DE JANDAIA","2,769,549",GO,Jandaia,"2020-06-03 ",1,true,0,0,0,0
"HOSPITAL MUNICIPAL DE JUINA DR HIDEO SAKUNO","4,069,803",MT,"Juína","2020-06-03 ",1,true,0,0,0,0
"HOSPITAL MUNICIPAL DE PINDAI","2,508,222",BA,"Pindaí","2020-06-03 ",1,true,0,0,0,0
"HOSPITAL MUNICIPAL DE QUERENCIA","4,070,070",MT,"Querência","2020-06-03 ",0,true,0,0,2,0
"HOSPITAL MUNICIPAL DE TEREZINHA","2,715,252",PE,Terezinha,"2020-06-03 ",0,true,0,0,0,0
"HOSPITAL MUNICIPAL DONA AMELIA MARIA DE SOUZA","2,179,237",MG,"Gurinhatã","2020-06-03 ",1,true,0,0,0,0
"HOSPITAL MUNICIPAL DONA CHIQUITA","2,146,517",MG,"São João Batista do Glória","2020-06-03 ",1,true,0,0,0,0
"HOSPITAL MUNICIPAL DR ARTHUR RAUSCH","2,797,496",MG,Ladainha,"2020-06-03 ",0,true,0,0,0,0
"HOSPITAL MUNICIPAL DR CRUZATTI","7,117,485",PR,"Marechal Cândido Rondon","2020-06-03 ",1,true,0,0,0,0
"HOSPITAL MUNICIPAL DR EDNALDO BARBOSA MACHADO","2,438,313",GO,"Minaçu","2020-06-03 ",5,true,0,0,0,0
"HOSPITAL MUNICIPAL DR JOSE MARIA DE MAGALHAES NETO","2,722,844",BA,"Barra do Choça","2020-06-03 ",0,true,0,0,0,0
"HOSPITAL MUNICIPAL DR TABAJARA RAMOS","2,096,498",SP,"Mogi Guaçu","2020-06-03 ",9,true,0,0,1,2
"HOSPITAL MUNICIPAL EDVALDO PEREIRA MAGALHAES","6,670,385",BA,Iuiu,"2020-06-03 ",0,true,0,0,0,0
"HOSPITAL MUNICIPAL EURICO DUTRA","2,659,069",BA,Barreiras,"2020-06-03 ",0,true,0,0,12,0
"HOSPITAL MUNICIPAL HERMENEGILDO C DE CASTRO","2,498,227",BA,Matina,"2020-06-03 ",0,true,0,0,0,0
"HOSPITAL MUNICIPAL LEOCYR LAZARETE","2,394,324",MT,"Campos de Júlio","2020-06-03 ",1,true,0,0,0,0
"HOSPITAL MUNICIPAL MARIA JOAQUINA DE JESUS CORREGO DO OURO","2,382,164",GO,"Córrego do Ouro","2020-06-03 ",1,true,0,0,0,0
"HOSPITAL MUNICIPAL MARIA PEREIRA BARBOSA","4,029,844",BA,"Piripá","2020-06-03 ",0,true,0,0,0,0
"HOSPITAL MUNICIPAL MILTON AMARO DO NASCIMENTO","2,535,742",GO,"Maurilândia","2020-06-03 ",0,true,0,0,0,0
"HOSPITAL MUNICIPAL MILTON FARIA DIAS LARANJEIRA","2,506,572",BA,"Palmas de Monte Alto","2020-06-03 ",0,true,0,0,0,0
"HOSPITAL MUNICIPAL NOSSA SENHORA DA PIEDADE","6,232,094",RJ,"Rio Claro","2020-06-03 ",9,true,0,0,0,0
"HOSPITAL MUNICIPAL NOSSA SENHORA DO DESTERRO","2,437,244",GO,"Turvelândia","2020-06-03 ",0,true,0,0,0,0
"HOSPITAL MUNICIPAL PADRE ANTONIO MANOEL DA ROCHA","4,033,418",BA,Urandi,"2020-06-03 ",1,true,0,0,1,0
"HOSPITAL MUNICIPAL RAYMUNDO FRANCELINO ARAGAO","2,344,289",PE,"Santa Cruz do Capibaribe","2020-06-03 ",0,true,0,0,1,0
"HOSPITAL MUNICIPAL SANTA DULCE DOS POBRES","6,025,692",BA,Utinga,"2020-06-03 ",1,true,0,0,0,0
"HOSPITAL MUNICIPAL SANTA LUZIA","2,438,410",GO,"Chapadão do Céu","2020-06-03 ",0,true,0,0,0,0
"HOSPITAL MUNICIPAL SANTO ANTONIO OUVIDOR","2,442,302",GO,Ouvidor,"2020-06-03 ",0,true,0,0,0,0
"HOSPITAL MUNICIPAL SAO GERALDO","2,493,195",BA,Malhada,"2020-06-03 ",0,true,0,0,0,0
"HOSPITAL MUNICIPAL SAO JOSE","6,326,269",PR,"Boa Vista da Aparecida","2020-06-03 ",1,true,0,0,0,0
"HOSPITAL MUNICIPAL SAO PAULO","2,336,758",GO,"Americano do Brasil","2020-06-03 ",0,true,0,0,0,0
"HOSPITAL MUNICIPAL SAO VICENTE DE PAULO","2,205,904",MG,"Coração de Jesus","2020-06-03 ",1,true,0,0,0,0
"HOSPITAL MUNICIPAL WALTER LEAO ROCHA","2,523,299",BA,"Sebastião Laranjeiras","2020-06-03 ",0,true,0,0,0,0
"HOSPITAL NESTOR GOULART REIS AMERICO BRASILIENSE","2,079,194",SP,"Américo Brasiliense","2020-06-03 ",1,true,0,0,0,0
"HOSPITAL NOSSA SENHORA DA CONCEICAO","2,491,710",SC,"Tubarão","2020-06-03 ",72,true,0,0,5,5
"HOSPITAL NOSSA SENHORA DA DIVINA PROVIDENCIA","2,081,466",SP,Jaci,"2020-06-03 ",2,true,0,0,20,0
"HOSPITAL NOSSA SENHORA DE FATIMA","2,305,623",SC,"Praia Grande","2020-06-03 ",2,true,0,0,3,0
"HOSPITAL NOSSA SENHORA DO BRASIL DE BAMBUI","2,143,852",MG,"Bambuí","2020-06-03 ",3,true,0,0,0,0
"HOSPITAL NOSSA SENHORA DO ROSARIO","2,139,626",MG,"Resende Costa","2020-06-03 ",1,true,0,0,0,0
"HOSPITAL NOSSA SENHORA DO ROSARIO","2,260,050",RS,"Serafina Corrêa","2020-06-03 ",2,true,0,0,0,0
"HOSPITAL OFTALMOLOGICO DE SOROCABA","2,078,813",SP,Sorocaba,"2020-06-03 ",2,true,0,0,0,0
"HOSPITAL ONCOLOGICO INFANTIL OCTAVIO LOBO","7,871,902",PA,"Belém","2020-06-03 ",28,true,0,0,4,3
"HOSPITAL OURO BRANCO","2,252,244",RS,"Teutônia","2020-06-03 ",3,true,0,0,0,0
"HOSPITAL PHILADELFIA","2,210,924",MG,"Teófilo Otoni","2020-06-03 ",7,true,0,0,6,2
"HOSPITAL PRONTOCOR DE MURIAE","4,042,107",MG,"Muriaé","2020-06-03 ",9,true,0,0,0,0
"HOSPITAL REGIONAL DE CONCEICAO DO ARAGUAIA","2,328,992",PA,"Conceição do Araguaia","2020-06-03 ",5,true,0,0,2,0
"HOSPITAL REGIONAL DE CRIXAS","2,519,445",GO,"Crixás","2020-06-03 ",0,true,0,0,0,0
"HOSPITAL REGIONAL DE ITABAIANA","6,644,996",PB,Itabaiana,"2020-06-03 ",1,true,0,0,2,0
"HOSPITAL REGIONAL DE JUNDIAI","7,573,162",SP,"Jundiaí","2020-06-03 ",18,true,0,0,0,0
"HOSPITAL REGIONAL DE REGISTRO REGISTRO","9,556,095",SP,Registro,"2020-06-03 ",36,true,0,10,0,9
"HOSPITAL REGIONAL DO BAIXO AMAZONAS DO PA DR WALDEMAR PENNA","5,585,422",PA,"Santarém","2020-06-03 ",30,true,0,0,9,40
"HOSPITAL REGIONAL DO LITORAL NORTE","92,894",SP,Caraguatatuba,"2020-06-03 ",48,true,0,10,1,5
"HOSPITAL REGIONAL DR MARIO DOURADO SOBRINHO","4,026,896",BA,"Irecê","2020-06-03 ",36,true,0,0,0,3
"HOSPITAL REGIONAL PUBLICO DO ARAGUAIA","5,498,465",PA,"Redenção","2020-06-03 ",31,true,0,0,5,2
"HOSPITAL REGIONAL PUBLICO DO MARAJO","6,710,158",PA,Breves,"2020-06-03 ",26,true,0,0,4,3
"HOSPITAL REGIONAL TEREZINHA GAIO BASSO","6,683,134",SC,"São Miguel do Oeste","2020-06-03 ",14,true,0,0,1,3
"HOSPITAL REGIONAL UNIMED","3,242,587",CE,Fortaleza,"2020-06-03 ",0,true,0,0,146,95
"HOSPITAL SALVATORIANO DIVINO SALVADOR","2,302,500",SC,Videira,"2020-06-03 ",19,true,0,0,5,1
"HOSPITAL SANTA GEMMA","2,507,870",GO,"Firminópolis","2020-06-03 ",1,true,0,0,0,0
"HOSPITAL SANTA RITA DE CASSIA","2,603,012",BA,"Santa Rita de Cássia","2020-06-03 ",2,true,0,0,1,0
"HOSPITAL SANTA RITA DE CASSIA VITORIA","11,738",ES,"Vitória","2020-06-03 ",68,true,0,0,32,22
"HOSPITAL SANTANA","2,644,711",BA,Serrinha,"2020-06-03 ",0,true,0,0,0,0
"HOSPITAL SANTO AMARO","2,754,843",SP,"Guarujá","2020-06-03 ",57,true,0,10,5,8
"HOSPITAL SAO COTTOLENGO","2,535,939",GO,Trindade,"2020-06-03 ",7,true,0,0,1,0
"HOSPITAL SAO DOMINGOS NA PROV DE DEUS NHANDEARA","2,093,502",SP,Nhandeara,"2020-06-03 ",2,true,0,0,0,0
"HOSPITAL SAO FRANCISCO","2,666,731",PR,"Francisco Beltrão","2020-06-03 ",8,true,0,0,1,0
"HOSPITAL SAO FRANCISCO DE AMERICANA","2,082,179",SP,Americana,"2020-06-03 ",26,true,0,10,3,2
"HOSPITAL SAO JOAO BATISTA NOVA BRESCIA","2,252,112",RS,"Nova Bréscia","2020-06-03 ",0,true,0,0,0,0
"HOSPITAL SAO JOAO DE DEUS","2,760,851",MG,"Senador Firmino","2020-06-03 ",0,true,0,0,0,0
"HOSPITAL SAO JOAO DO PARAISO","2,795,299",MG,"São João do Paraíso","2020-06-03 ",0,true,0,0,0,0
"HOSPITAL SAO JOAO REGISTRO","2,079,593",SP,Registro,"2020-06-03 ",4,true,0,0,0,0
"HOSPITAL SAO JOSE MATERNIDADE SANTA HELENA","2,802,112",BA,"Ilhéus","2020-06-03 ",13,true,0,0,7,3
"HOSPITAL SAO JOSE TIJUCAS","2,626,659",SC,Tijucas,"2020-06-03 ",5,true,0,0,1,0
"HOSPITAL SAO LUCAS LUCAS DO RIO VERDE","2,767,953",MT,"Lucas do Rio Verde","2020-06-03 ",26,true,0,0,6,0
"HOSPITAL SAO LUIZ DE ARARAS","2,081,253",SP,Araras,"2020-06-03 ",29,true,0,0,10,2
"HOSPITAL SAO PEDRO","2,257,645",RS,Garibaldi,"2020-06-03 ",2,true,0,0,1,6
"HOSPITAL SAO PEDRO","2,509,369",BA,Remanso,"2020-06-03 ",1,true,0,0,2,5
"HOSPITAL SAO RAFAEL","4,055,748",PR,"Rolândia","2020-06-03 ",4,true,0,0,1,0
"HOSPITAL SAO RAIMUNDO","2,527,707",CE,"Limoeiro do Norte","2020-06-03 ",1,true,0,0,12,8
"HOSPITAL SAO ROQUE DE SEARA","2,304,155",SC,Seara,"2020-06-03 ",1,true,0,0,2,0
"HOSPITAL SAO SALVADOR","2,227,681",RS,"Salvador do Sul","2020-06-03 ",1,true,0,0,0,0
"HOSPITAL SAO V PAULO AFONSO CLAUDIO","2,402,874",ES,"Afonso Cláudio","2020-06-03 ",1,true,0,0,2,0
"HOSPITAL SAO VICENTE DE PAULA","2,549,263",PR,Bituruna,"2020-06-03 ",1,true,0,0,0,0
"HOSPITAL SAO VICENTE DE PAULO DE MERCES","2,161,575",MG,"Mercês","2020-06-03 ",0,true,0,0,0,0
"HOSPITAL SAO VICENTE DE PAULO DE UBA","2,760,703",MG,"Ubá","2020-06-03 ",6,true,0,0,5,0
"HOSPITAL UNIVERSITARIO DE MARILIA","5,860,490",SP,"Marília","2020-06-03 ",1,true,0,10,0,11
"HOSPITAL UNIVERSITARIO PROF ALBERTO ANTUNES","2,006,197",AL,"Maceió","2020-06-03 ",13,true,0,14,12,11
"HUAPA HOSPITAL DE URGENCIAS DE APARECIDA DE GOIANIA","5,419,662",GO,"Aparecida de Goiânia","2020-06-03 ",16,true,0,5,0,1
"INSTITUTO DA MULHER DONA LINDU","6,627,595",AM,Manaus,"2020-06-03 ",17,true,0,0,7,0
"INSTITUTO SANTA ISABEL ISI","2,572,370",PR,"Formosa do Oeste","2020-06-03 ",0,true,0,0,0,0
"INSTITUTO SAO JOSE","2,741,873",PR,"Laranjeiras do Sul","2020-06-03 ",1,true,0,0,1,2
"IRMANDADE DA SANTA CASA DE MUZAMBINHO","2,099,233",MG,Muzambinho,"2020-06-03 ",1,true,0,0,1,0
"MATERNIDADE ALVORADA","2,013,029",AM,Manaus,"2020-06-03 ",3,true,0,0,0,0
"MATERNIDADE ESCOLA ASSIS CHATEAUBRIAND","2,481,286",CE,Fortaleza,"2020-06-03 ",67,true,0,0,3,2
"MATERNIDADE ESCOLA JANUARIO CICCO","2,409,208",RN,Natal,"2020-06-03 ",22,true,0,0,0,1
"MATERNIDADE ESTADUAL HUMBERTO COUTINHO","9,627,812",MA,Colinas,"2020-06-03 ",3,true,0,0,0,0
"MATERNIDADE FREI DAMIAO","2,707,527",PB,"João Pessoa","2020-06-03 ",21,true,0,0,4,0
PROCAPE,"3,983,730",PE,Recife,"2020-06-03 ",42,true,0,8,19,17
"PRONTO ATENDIMENTO MUNICIPAL DE ARCEBURGO","3,009,718",MG,Arceburgo,"2020-06-03 ",1,true,0,0,0,0
"REDE PRIMAVERA HOSPITAL PRIMAVERA","6,003,494",SE,Aracaju,"2020-06-03 ",0,true,0,0,21,19
"SANTA CASA DE CAPIVARI","2,748,568",SP,Capivari,"2020-06-03 ",10,true,0,0,1,0
"SANTA CASA DE CARIDADE DE CAPITOLIO","2,146,398",MG,"Capitólio","2020-06-03 ",1,true,0,0,0,0
"SANTA CASA DE DRACENA","2,750,988",SP,Dracena,"2020-06-03 ",15,true,0,1,0,0
"SANTA CASA DE FRANCA","2,705,982",SP,Franca,"2020-06-03 ",77,true,0,15,0,7
"SANTA CASA DE FRANCISCO MORATO","2,083,876",SP,"Francisco Morato","2020-06-03 ",3,true,0,0,14,0
"SANTA CASA DE GENERAL SALGADO","2,081,652",SP,"General Salgado","2020-06-03 ",1,true,0,0,0,0
"SANTA CASA DE ITAGUARA","2,142,627",MG,Itaguara,"2020-06-03 ",0,true,0,0,2,0
"SANTA CASA DE ITAPECERICA","2,143,895",MG,Itapecerica,"2020-06-03 ",2,true,0,0,0,0
"SANTA CASA DE IUNA","2,650,533",ES,"Iúna","2020-06-03 ",3,true,0,0,1,0
"SANTA CASA DE JOSE BONIFACIO","2,080,095",SP,"José Bonifácio","2020-06-03 ",3,true,0,0,0,0
"SANTA CASA DE LEME","2,078,074",SP,Leme,"2020-06-03 ",14,true,0,0,4,5
"SANTA CASA DE MISERICORDIA CLAUDIO","2,144,204",MG,"Cláudio","2020-06-03 ",2,true,0,0,0,0
"SANTA CASA DE MISERICORDIA DE ARROIO GRANDE","2,233,428",RS,"Arroio Grande","2020-06-03 ",2,true,0,0,1,0
"SANTA CASA DE MISERICORDIA DE CAMPOS","2,287,382",RJ,"Campos dos Goytacazes","2020-06-03 ",35,true,0,0,0,7
"SANTA CASA DE MISERICORDIA DE CATALAO","2,442,612",GO,"Catalão","2020-06-03 ",12,true,0,0,0,0
"SANTA CASA DE MISERICORDIA DE CERQUILHO","2,751,569",SP,Cerquilho,"2020-06-03 ",4,true,0,0,7,0
"SANTA CASA DE MISERICORDIA DE ITAPEVA","2,027,186",SP,Itapeva,"2020-06-03 ",19,true,0,0,3,0
"SANTA CASA DE MISERICORDIA DE POMPEU","2,178,591",MG,"Pompéu","2020-06-03 ",3,true,0,0,0,0
"SANTA CASA DE MISERICORDIA DE SAO SIMAO","2,058,243",SP,"São Simão","2020-06-03 ",1,true,0,0,1,0
"SANTA CASA DE MISERICORDIA DE TATUI","2,079,135",SP,"Tatuí","2020-06-03 ",11,true,0,5,3,5
"SANTA CASA DE MISERICORDIA DE TIETE","2,080,087",SP,"Tietê","2020-06-03 ",4,true,0,0,1,0
"SANTA CASA DE MISERICORDIA DONA CAROLINA MALHEIROS SJBV","2,084,228",SP,"São João da Boa Vista","2020-06-03 ",14,true,0,0,4,2
"SANTA CASA DE MISERICORDIA JESUS MARIA JOSE","2,547,090",ES,"Muniz Freire","2020-06-03 ",1,true,0,0,1,0
"SANTA CASA DE MISERICORDIA SAO JUDAS TADEU","6,923,356",BA,"Jequié","2020-06-03 ",0,true,0,0,0,0
"SANTA CASA DE MOCOCA MOCOCA","2,705,222",SP,Mococa,"2020-06-03 ",14,true,0,0,4,0
"SANTA CASA DE MOGI GUACU","2,096,463",SP,"Mogi Guaçu","2020-06-03 ",14,true,0,10,3,0
"SANTA CASA DE MONTE APRAZIVEL","2,082,667",SP,"Monte Aprazível","2020-06-03 ",3,true,0,0,0,0
"SANTA CASA DE OURINHOS","4,049,020",SP,Ourinhos,"2020-06-03 ",26,true,0,0,6,3
"SANTA CASA DE PIRAJUI","2,080,370",SP,"Pirajuí","2020-06-03 ",4,true,0,0,0,0
"SANTA CASA DE PIRASSUNUNGA","2,785,382",SP,Pirassununga,"2020-06-03 ",17,true,0,0,1,0
"SANTA CASA DE PRADOS","2,123,436",MG,Prados,"2020-06-03 ",1,true,0,0,0,0
"SANTA CASA MISERICORDIA BARBACENA","2,138,875",MG,Barbacena,"2020-06-03 ",39,true,0,10,1,1
"SES RJ HOSPITAL ESTADUAL PREF JOAO BAPTISTA CAFFARO","3,784,916",RJ,"Itaboraí","2020-06-03 ",10,true,0,0,0,0
"UNIDADE HOSPITALAR DE ATALAIA DO NORTE","2,016,672",AM,"Atalaia do Norte","2020-06-03 ",0,true,0,0,4,0
"UNIDADE HOSPITALAR DE CARAUARI","2,017,555",AM,Carauari,"2020-06-03 ",1,true,0,0,0,0
"UNIDADE HOSPITALAR DE GUAJARA","2,017,997",AM,"Guajará","2020-06-03 ",0,true,0,0,0,0
"UNIDADE MISTA DE SAUDE DE TABOAO DA SERRA","2,785,188",SP,"Taboão da Serra","2020-06-03 ",18,true,0,8,3,0
"UNIDADE MISTA SENADOR ARNON DE MELO","2,722,410",AL,"Campo Alegre","2020-06-03 ",0,true,0,0,17,0
"UPA UNIDADE DE PRONTO ATENDIMENTO TIPO II","9,442,693",BA,"Paulo Afonso","2020-06-03 ",2,true,0,0,5,0
